Technique,Test,Accuracy,ROC AUC
Baseline,Train,0.9682330827067669,0.9241020239302231
Baseline,Test,0.970701754385965,0.917770394170162
Column and Lines Drop,Train,0.9706738201327635,0.9367438897026465
Column and Lines Drop,Test,0.9606140350877193,0.9350788018619016
PCA,Train,0.9707647540238247,0.9367898688281235
PCA,Test,0.9607894736842105,0.9351680636667753
Undersample 50-50,Train,0.9530612244897959,0.9530612244897959
Undersample 50-50,Test,0.9421929824561404,0.9431603934950346
