Number of Clusters,Silhoutte Score,Davies-Bouldin,Method
2,0.32077987951979925,1.268849846228945,K Means PCA/Outlier Removal
3,0.3237659396249533,1.7749067621684071,K Means PCA/Outlier Removal
4,0.3335833880714562,2.0184498355465577,K Means PCA/Outlier Removal
5,0.35142261925340373,1.8975730103111672,K Means PCA/Outlier Removal
6,0.34937248106579855,1.9163520564410363,K Means PCA/Outlier Removal
7,0.34775366849605976,2.059947521860122,K Means PCA/Outlier Removal
8,0.3492004560104628,1.925698981575772,K Means PCA/Outlier Removal
9,0.3508392849332805,2.053585120989847,K Means PCA/Outlier Removal
10,0.30720394338399093,2.258556883065251,K Means PCA/Outlier Removal
